{
	"id": 83178821,
	"node_id": "MDEwOlJlcG9zaXRvcnk4MzE3ODgyMQ==",
	"name": "android-data-binding-recyclerview",
	"full_name": "conghaonet/android-data-binding-recyclerview",
	"private": false,
	"owner": {
		"login": "conghaonet",
		"id": 4373795,
		"node_id": "MDQ6VXNlcjQzNzM3OTU=",
		"avatar_url": "https://avatars2.githubusercontent.com/u/4373795?v=4",
		"gravatar_id": "",
		"url": "https://api.github.com/users/conghaonet",
		"html_url": "https://github.com/conghaonet",
		"followers_url": "https://api.github.com/users/conghaonet/followers",
		"following_url": "https://api.github.com/users/conghaonet/following{/other_user}",
		"gists_url": "https://api.github.com/users/conghaonet/gists{/gist_id}",
		"starred_url": "https://api.github.com/users/conghaonet/starred{/owner}{/repo}",
		"subscriptions_url": "https://api.github.com/users/conghaonet/subscriptions",
		"organizations_url": "https://api.github.com/users/conghaonet/orgs",
		"repos_url": "https://api.github.com/users/conghaonet/repos",
		"events_url": "https://api.github.com/users/conghaonet/events{/privacy}",
		"received_events_url": "https://api.github.com/users/conghaonet/received_events",
		"type": "User",
		"site_admin": false
	},
	"html_url": "https://github.com/conghaonet/android-data-binding-recyclerview",
	"description": "Using Recyclerview with the new Android Data Binding framework",
	"fork": true,
	"url": "https://api.github.com/repos/conghaonet/android-data-binding-recyclerview",
	"forks_url": "https://api.github.com/repos/conghaonet/android-data-binding-recyclerview/forks",
	"keys_url": "https://api.github.com/repos/conghaonet/android-data-binding-recyclerview/keys{/key_id}",
	"collaborators_url": "https://api.github.com/repos/conghaonet/android-data-binding-recyclerview/collaborators{/collaborator}",
	"teams_url": "https://api.github.com/repos/conghaonet/android-data-binding-recyclerview/teams",
	"hooks_url": "https://api.github.com/repos/conghaonet/android-data-binding-recyclerview/hooks",
	"issue_events_url": "https://api.github.com/repos/conghaonet/android-data-binding-recyclerview/issues/events{/number}",
	"events_url": "https://api.github.com/repos/conghaonet/android-data-binding-recyclerview/events",
	"assignees_url": "https://api.github.com/repos/conghaonet/android-data-binding-recyclerview/assignees{/user}",
	"branches_url": "https://api.github.com/repos/conghaonet/android-data-binding-recyclerview/branches{/branch}",
	"tags_url": "https://api.github.com/repos/conghaonet/android-data-binding-recyclerview/tags",
	"blobs_url": "https://api.github.com/repos/conghaonet/android-data-binding-recyclerview/git/blobs{/sha}",
	"git_tags_url": "https://api.github.com/repos/conghaonet/android-data-binding-recyclerview/git/tags{/sha}",
	"git_refs_url": "https://api.github.com/repos/conghaonet/android-data-binding-recyclerview/git/refs{/sha}",
	"trees_url": "https://api.github.com/repos/conghaonet/android-data-binding-recyclerview/git/trees{/sha}",
	"statuses_url": "https://api.github.com/repos/conghaonet/android-data-binding-recyclerview/statuses/{sha}",
	"languages_url": "https://api.github.com/repos/conghaonet/android-data-binding-recyclerview/languages",
	"stargazers_url": "https://api.github.com/repos/conghaonet/android-data-binding-recyclerview/stargazers",
	"contributors_url": "https://api.github.com/repos/conghaonet/android-data-binding-recyclerview/contributors",
	"subscribers_url": "https://api.github.com/repos/conghaonet/android-data-binding-recyclerview/subscribers",
	"subscription_url": "https://api.github.com/repos/conghaonet/android-data-binding-recyclerview/subscription",
	"commits_url": "https://api.github.com/repos/conghaonet/android-data-binding-recyclerview/commits{/sha}",
	"git_commits_url": "https://api.github.com/repos/conghaonet/android-data-binding-recyclerview/git/commits{/sha}",
	"comments_url": "https://api.github.com/repos/conghaonet/android-data-binding-recyclerview/comments{/number}",
	"issue_comment_url": "https://api.github.com/repos/conghaonet/android-data-binding-recyclerview/issues/comments{/number}",
	"contents_url": "https://api.github.com/repos/conghaonet/android-data-binding-recyclerview/contents/{+path}",
	"compare_url": "https://api.github.com/repos/conghaonet/android-data-binding-recyclerview/compare/{base}...{head}",
	"merges_url": "https://api.github.com/repos/conghaonet/android-data-binding-recyclerview/merges",
	"archive_url": "https://api.github.com/repos/conghaonet/android-data-binding-recyclerview/{archive_format}{/ref}",
	"downloads_url": "https://api.github.com/repos/conghaonet/android-data-binding-recyclerview/downloads",
	"issues_url": "https://api.github.com/repos/conghaonet/android-data-binding-recyclerview/issues{/number}",
	"pulls_url": "https://api.github.com/repos/conghaonet/android-data-binding-recyclerview/pulls{/number}",
	"milestones_url": "https://api.github.com/repos/conghaonet/android-data-binding-recyclerview/milestones{/number}",
	"notifications_url": "https://api.github.com/repos/conghaonet/android-data-binding-recyclerview/notifications{?since,all,participating}",
	"labels_url": "https://api.github.com/repos/conghaonet/android-data-binding-recyclerview/labels{/name}",
	"releases_url": "https://api.github.com/repos/conghaonet/android-data-binding-recyclerview/releases{/id}",
	"deployments_url": "https://api.github.com/repos/conghaonet/android-data-binding-recyclerview/deployments",
	"created_at": "2017-02-26T03:02:21Z",
	"updated_at": "2017-02-26T03:02:23Z",
	"pushed_at": "2016-04-08T06:27:57Z",
	"git_url": "git://github.com/conghaonet/android-data-binding-recyclerview.git",
	"ssh_url": "git@github.com:conghaonet/android-data-binding-recyclerview.git",
	"clone_url": "https://github.com/conghaonet/android-data-binding-recyclerview.git",
	"svn_url": "https://github.com/conghaonet/android-data-binding-recyclerview",
	"homepage": null,
	"size": 120,
	"stargazers_count": 0,
	"watchers_count": 0,
	"language": "Java",
	"has_issues": false,
	"has_projects": true,
	"has_downloads": true,
	"has_wiki": true,
	"has_pages": false,
	"forks_count": 0,
	"mirror_url": null,
	"archived": false,
	"disabled": false,
	"open_issues_count": 0,
	"license": {
		"key": "apache-2.0",
		"name": "Apache License 2.0",
		"spdx_id": "Apache-2.0",
		"url": "https://api.github.com/licenses/apache-2.0",
		"node_id": "MDc6TGljZW5zZTI="
	},
	"forks": 0,
	"open_issues": 0,
	"watchers": 0,
	"default_branch": "master",
	"permissions": {
		"admin": true,
		"push": true,
		"pull": true
	}
}