{
    "login": "conghaonet",
    "id": 4373795,
    "node_id": "MDQ6VXNlcjQzNzM3OTU=",
    "avatar_url": "https://avatars2.githubusercontent.com/u/4373795?v=4",
    "gravatar_id": "",
    "url": "https://api.github.com/users/conghaonet",
    "html_url": "https://github.com/conghaonet",
    "followers_url": "https://api.github.com/users/conghaonet/followers",
    "following_url": "https://api.github.com/users/conghaonet/following{/other_user}",
    "gists_url": "https://api.github.com/users/conghaonet/gists{/gist_id}",
    "starred_url": "https://api.github.com/users/conghaonet/starred{/owner}{/repo}",
    "subscriptions_url": "https://api.github.com/users/conghaonet/subscriptions",
    "organizations_url": "https://api.github.com/users/conghaonet/orgs",
    "repos_url": "https://api.github.com/users/conghaonet/repos",
    "events_url": "https://api.github.com/users/conghaonet/events{/privacy}",
    "received_events_url": "https://api.github.com/users/conghaonet/received_events",
    "type": "User",
    "site_admin": false,
    "name": null,
    "company": null,
    "blog": "",
    "location": null,
    "email": null,
    "hireable": null,
    "bio": null,
    "public_repos": 50,
    "public_gists": 0,
    "followers": 1,
    "following": 2,
    "created_at": "2013-05-08T07:15:04Z",
    "updated_at": "2019-08-01T08:56:34Z",
    "private_gists": 0,
    "total_private_repos": 0,
    "owned_private_repos": 0,
    "disk_usage": 115594,
    "collaborators": 0,
    "two_factor_authentication": false,
    "plan": {
        "name": "free",
        "space": 976562499,
        "collaborators": 0,
        "private_repos": 10000
    }
}